247.10445383227574, 227.2632314661269, 1.1, 1.1
247.40140656579396, 227.7529519670239, 1.1, 1.1
247.6983592993122, 228.24267246792087, 1.1, 1.1
247.9953120328304, 228.73239296881786, 1.1, 1.1
248.29226476634864, 229.22211346971486, 1.1, 1.1
248.58921749986686, 229.71183397061182, 1.1, 1.1
248.88617023338512, 230.2015544715088, 1.1, 1.1
249.18312296690334, 230.69127497240578, 1.1, 1.1
249.48007570042157, 231.18099547330277, 1.1, 1.1
249.7770284339398, 231.67071597419977, 1.1, 1.1
250.07398116745802, 232.16043647509673, 1.1, 1.1
250.37093390097624, 232.65015697599372, 1.1, 1.1
250.6842583237285, 233.07180017769053, 1.1, 1.1
250.99758274648076, 233.49344337938732, 1.1, 1.1
251.31090716923302, 233.91508658108413, 1.1, 1.1
251.62423159198528, 234.33672978278094, 1.1, 1.1
251.93755601473754, 234.75837298447775, 1.1, 1.1
252.2508804374898, 235.18001618617453, 1.1, 1.1
252.56420486024206, 235.60165938787134, 1.1, 1.1
252.87752928299432, 236.02330258956815, 1.1, 1.1
253.19085370574658, 236.44494579126496, 1.1, 1.1
253.50417812849884, 236.86658899296174, 1.1, 1.1
253.8175025512511, 237.28823219465855, 1.1, 1.1
254.11924130161515, 237.79012727770345, 1.1, 1.1
254.4209800519792, 238.29202236074832, 1.1, 1.1
254.72271880234328, 238.79391744379322, 1.1, 1.1
255.02445755270733, 239.29581252683812, 1.1, 1.1
255.32619630307138, 239.79770760988302, 1.1, 1.1
255.62793505343544, 240.2996026929279, 1.1, 1.1
255.9296738037995, 240.8014977759728, 1.1, 1.1
256.23141255416357, 241.3033928590177, 1.1, 1.1
256.5331513045276, 241.8052879420626, 1.1, 1.1
256.8348900548917, 242.30718302510746, 1.1, 1.1
257.1366288052557, 242.80907810815236, 1.1, 1.1
257.45839909877816, 243.19398672635361, 1.1, 1.1
257.78016939230054, 243.57889534455484, 1.1, 1.1
258.10193968582297, 243.9638039627561, 1.1, 1.1
258.4237099793454, 244.34871258095734, 1.1, 1.1
258.74548027286784, 244.7336211991586, 1.1, 1.1
259.0672505663902, 245.1185298173598, 1.1, 1.1
259.38902085991265, 245.50343843556107, 1.1, 1.1
259.7107911534351, 245.88834705376232, 1.1, 1.1
260.0325614469575, 246.27325567196357, 1.1, 1.1
260.3543317404799, 246.6581642901648, 1.1, 1.1
260.6761020340023, 247.04307290836604, 1.1, 1.1
261.0546361039376, 247.29522487652275, 1.1, 1.1
261.4331701738729, 247.5473768446795, 1.1, 1.1
261.81170424380815, 247.7995288128362, 1.1, 1.1
262.1902383137434, 248.0516807809929, 1.1, 1.1
262.5687723836787, 248.30383274914965, 1.1, 1.1
262.947306453614, 248.55598471730636, 1.1, 1.1
263.3258405235493, 248.8081366854631, 1.1, 1.1
263.70437459348454, 249.0602886536198, 1.1, 1.1
264.0829086634198, 249.31244062177652, 1.1, 1.1
264.4614427333551, 249.56459258993326, 1.1, 1.1
264.83997680329037, 249.81674455808997, 1.1, 1.1
265.25915540072225, 249.95453454440425, 1.1, 1.1
265.6783339981541, 250.09232453071854, 1.1, 1.1
266.09751259558595, 250.23011451703283, 1.1, 1.1
266.5166911930178, 250.36790450334712, 1.1, 1.1
266.93586979044966, 250.5056944896614, 1.1, 1.1
267.3550483878815, 250.64348447597567, 1.1, 1.1
267.77422698531336, 250.78127446228996, 1.1, 1.1
268.1934055827452, 250.91906444860425, 1.1, 1.1
268.61258418017707, 251.05685443491853, 1.1, 1.1
269.0317627776089, 251.19464442123282, 1.1, 1.1
269.45094137504077, 251.3324344075471, 1.1, 1.1
269.92346519228545, 251.3599101394697, 1.1, 1.1
270.39598900953007, 251.3873858713923, 1.1, 1.1
270.86851282677475, 251.41486160331488, 1.1, 1.1
271.3410366440194, 251.44233733523745, 1.1, 1.1
271.81356046126405, 251.46981306716006, 1.1, 1.1
272.2860842785087, 251.49728879908264, 1.1, 1.1
272.75860809575335, 251.52476453100525, 1.1, 1.1
273.231131912998, 251.55224026292782, 1.1, 1.1
273.7036557302427, 251.5797159948504, 1.1, 1.1
274.1761795474873, 251.607191726773, 1.1, 1.1
274.648703364732, 251.6346674586956, 1.1, 1.1
274.99044310622725, 251.77889332052447, 1.1, 1.1
275.33218284772255, 251.92311918235333, 1.1, 1.1
275.6739225892178, 252.06734504418222, 1.1, 1.1
276.0156623307131, 252.2115709060111, 1.1, 1.1
276.35740207220834, 252.35579676783996, 1.1, 1.1
276.69914181370365, 252.50002262966885, 1.1, 1.1
277.0408815551989, 252.6442484914977, 1.1, 1.1
277.3826212966942, 252.7884743533266, 1.1, 1.1
277.72436103818944, 252.93270021515548, 1.1, 1.1
278.06610077968475, 253.07692607698434, 1.1, 1.1
278.40784052118, 253.22115193881322, 1.1, 1.1
278.7563122180717, 253.43154435954534, 1.1, 1.1
279.1047839149633, 253.64193678027743, 1.1, 1.1
279.453255611855, 253.85232920100955, 1.1, 1.1
279.80172730874665, 254.06272162174167, 1.1, 1.1
280.15019900563834, 254.2731140424738, 1.1, 1.1
280.49867070253, 254.48350646320588, 1.1, 1.1
280.84714239942167, 254.693898883938, 1.1, 1.1
281.1956140963133, 254.90429130467012, 1.1, 1.1
281.544085793205, 255.11468372540224, 1.1, 1.1
281.89255749009664, 255.32507614613434, 1.1, 1.1
282.2410291869883, 255.53546856686646, 1.1, 1.1
282.69857363772826, 255.924845104774, 1.1, 1.1
283.15611808846825, 256.3142216426815, 1.1, 1.1
283.6136625392082, 256.70359818058904, 1.1, 1.1
284.0712069899481, 257.0929747184966, 1.1, 1.1
284.5287514406881, 257.4823512564041, 1.1, 1.1
284.98629589142803, 257.87172779431165, 1.1, 1.1
285.443840342168, 258.2611043322192, 1.1, 1.1
285.90138479290795, 258.65048087012667, 1.1, 1.1
286.3589292436479, 259.0398574080342, 1.1, 1.1
286.81647369438787, 259.42923394594175, 1.1, 1.1
287.2740181451278, 259.8186104838493, 1.1, 1.1
287.55569572217155, 260.2300164009296, 1.1, 1.1
287.8373732992153, 260.64142231801, 1.1, 1.1
288.11905087625905, 261.0528282350903, 1.1, 1.1
288.4007284533028, 261.46423415217066, 1.1, 1.1
288.68240603034656, 261.875640069251, 1.1, 1.1
288.96408360739025, 262.28704598633135, 1.1, 1.1
289.245761184434, 262.6984519034117, 1.1, 1.1
289.52743876147775, 263.10985782049204, 1.1, 1.1
289.8091163385215, 263.5212637375724, 1.1, 1.1
290.09079391556526, 263.9326696546527, 1.1, 1.1
290.372471492609, 264.3440755717331, 1.1, 1.1
290.812460164901, 264.98348089249475, 1.1, 1.1
291.252448837193, 265.62288621325644, 1.1, 1.1
291.692437509485, 266.2622915340181, 1.1, 1.1
292.13242618177696, 266.9016968547798, 1.1, 1.1
292.572414854069, 267.5411021755415, 1.1, 1.1
293.01240352636097, 268.1805074963031, 1.1, 1.1
293.452392198653, 268.8199128170648, 1.1, 1.1
293.892380870945, 269.4593181378265, 1.1, 1.1
294.33236954323695, 270.09872345858815, 1.1, 1.1
294.772358215529, 270.73812877934984, 1.1, 1.1
295.21234688782096, 271.3775341001115, 1.1, 1.1
295.5144039839333, 271.87589133212674, 1.1, 1.1
295.8164610800456, 272.3742485641419, 1.1, 1.1
296.1185181761579, 272.87260579615713, 1.1, 1.1
296.42057527227024, 273.37096302817235, 1.1, 1.1
296.72263236838256, 273.8693202601876, 1.1, 1.1
297.02468946449494, 274.36767749220274, 1.1, 1.1
297.32674656060726, 274.86603472421797, 1.1, 1.1
297.6288036567196, 275.3643919562332, 1.1, 1.1
297.9308607528319, 275.8627491882484, 1.1, 1.1
298.2329178489442, 276.3611064202636, 1.1, 1.1
298.53497494505655, 276.8594636522788, 1.1, 1.1
298.7854851327484, 277.25215467050947, 1.1, 1.1
299.03599532044035, 277.64484568874013, 1.1, 1.1
299.2865055081322, 278.0375367069708, 1.1, 1.1
299.5370156958241, 278.43022772520146, 1.1, 1.1
299.787525883516, 278.8229187434321, 1.1, 1.1
300.0380360712079, 279.21560976166273, 1.1, 1.1
300.2885462588998, 279.6083007798934, 1.1, 1.1
300.5390564465917, 280.00099179812406, 1.1, 1.1
300.7895666342836, 280.3936828163547, 1.1, 1.1
301.0400768219755, 280.7863738345854, 1.1, 1.1
301.2905870096674, 281.17906485281605, 1.1, 1.1
301.77446193489135, 281.74600233005475, 1.1, 1.1
302.2583368601153, 282.31293980729345, 1.1, 1.1
302.7422117853393, 282.8798772845322, 1.1, 1.1
303.22608671056327, 283.4468147617709, 1.1, 1.1
303.70996163578724, 284.0137522390096, 1.1, 1.1
304.19383656101115, 284.5806897162483, 1.1, 1.1
304.6777114862351, 285.147627193487, 1.1, 1.1
305.1615864114591, 285.7145646707257, 1.1, 1.1
305.64546133668307, 286.28150214796443, 1.1, 1.1
306.12933626190704, 286.8484396252031, 1.1, 1.1
306.613211187131, 287.4153771024418, 1.1, 1.1
307.04332691705054, 287.60635026864475, 1.1, 1.1
307.47344264697, 287.7973234348476, 1.1, 1.1
307.9035583768895, 287.98829660105054, 1.1, 1.1
308.333674106809, 288.17926976725346, 1.1, 1.1
308.7637898367285, 288.3702429334563, 1.1, 1.1
309.19390556664797, 288.56121609965925, 1.1, 1.1
309.6240212965675, 288.7521892658621, 1.1, 1.1
310.05413702648696, 288.94316243206504, 1.1, 1.1
310.4842527564065, 289.13413559826796, 1.1, 1.1
310.91436848632594, 289.3251087644708, 1.1, 1.1
311.34448421624546, 289.51608193067375, 1.1, 1.1
311.87850439220614, 289.4419626549947, 1.1, 1.1
312.4125245681668, 289.3678433793157, 1.1, 1.1
312.94654474412755, 289.2937241036367, 1.1, 1.1
313.4805649200882, 289.21960482795765, 1.1, 1.1
314.0145850960489, 289.1454855522786, 1.1, 1.1
314.5486052720096, 289.0713662765996, 1.1, 1.1
315.08262544797026, 288.99724700092054, 1.1, 1.1
315.61664562393094, 288.9231277252415, 1.1, 1.1
316.15066579989167, 288.8490084495625, 1.1, 1.1
316.68468597585235, 288.7748891738835, 1.1, 1.1
317.218706151813, 288.70076989820444, 1.1, 1.1
317.73112417218573, 288.3849830129559, 1.1, 1.1
318.24354219255844, 288.06919612770736, 1.1, 1.1
318.7559602129311, 287.7534092424588, 1.1, 1.1
319.2683782333038, 287.4376223572103, 1.1, 1.1
319.7807962536765, 287.12183547196173, 1.1, 1.1
320.2932142740492, 286.80604858671325, 1.1, 1.1
320.8056322944219, 286.4902617014647, 1.1, 1.1
321.3180503147946, 286.17447481621616, 1.1, 1.1
321.83046833516727, 285.8586879309676, 1.1, 1.1
322.34288635554, 285.5429010457191, 1.1, 1.1
322.8553043759127, 285.22711416047053, 1.1, 1.1
323.278205213902, 284.94488171960114, 1.1, 1.1
323.70110605189143, 284.66264927873175, 1.1, 1.1
324.1240068898808, 284.38041683786236, 1.1, 1.1
324.5469077278701, 284.09818439699296, 1.1, 1.1
324.9698085658595, 283.81595195612357, 1.1, 1.1
325.39270940384887, 283.5337195152542, 1.1, 1.1
325.81561024183827, 283.2514870743848, 1.1, 1.1
326.2385110798276, 282.9692546335154, 1.1, 1.1
326.66141191781696, 282.687022192646, 1.1, 1.1
327.08431275580637, 282.4047897517766, 1.1, 1.1
327.5072135937957, 282.1225573109072, 1.1, 1.1
328.2181657964042, 281.7131893998227, 1.1, 1.1
328.9291179990127, 281.30382148873815, 1.1, 1.1
329.6400702016212, 280.8944535776536, 1.1, 1.1
330.3510224042297, 280.4850856665691, 1.1, 1.1
331.0619746068382, 280.07571775548456, 1.1, 1.1
331.77292680944674, 279.66634984440003, 1.1, 1.1
332.48387901205524, 279.2569819333155, 1.1, 1.1
333.19483121466374, 278.84761402223097, 1.1, 1.1
333.90578341727223, 278.43824611114644, 1.1, 1.1
334.6167356198807, 278.0288782000619, 1.1, 1.1
335.3276878224892, 277.6195102889774, 1.1, 1.1
336.17134101331294, 277.4241926070183, 1.1, 1.1
337.0149942041367, 277.22887492505924, 1.1, 1.1
337.8586473949604, 277.0335572431002, 1.1, 1.1
338.7023005857842, 276.8382395611411, 1.1, 1.1
339.5459537766079, 276.64292187918204, 1.1, 1.1
340.3896069674317, 276.447604197223, 1.1, 1.1
341.2332601582554, 276.2522865152639, 1.1, 1.1
342.0769133490792, 276.05696883330484, 1.1, 1.1
342.9205665399029, 275.86165115134577, 1.1, 1.1
343.76421973072667, 275.6663334693867, 1.1, 1.1
344.6078729215504, 275.47101578742763, 1.1, 1.1
345.7010510018655, 275.43969359216874, 1.1, 1.1
346.7942290821806, 275.4083713969098, 1.1, 1.1
347.88740716249566, 275.3770492016509, 1.1, 1.1
348.9805852428108, 275.34572700639194, 1.1, 1.1
350.0737633231259, 275.31440481113304, 1.1, 1.1
351.166941403441, 275.2830826158741, 1.1, 1.1
352.2601194837561, 275.2517604206152, 1.1, 1.1
353.3532975640712, 275.22043822535625, 1.1, 1.1
354.4464756443863, 275.18911603009735, 1.1, 1.1
355.5396537247014, 275.1577938348384, 1.1, 1.1
356.6328318050165, 275.1264716395795, 1.1, 1.1
357.850424075929, 275.09538284565446, 1.1, 1.1
359.0680163468416, 275.06429405172935, 1.1, 1.1
360.2856086177541, 275.0332052578043, 1.1, 1.1
361.50320088866664, 275.00211646387925, 1.1, 1.1
362.72079315957916, 274.97102766995414, 1.1, 1.1
363.93838543049173, 274.9399388760291, 1.1, 1.1
365.15597770140425, 274.908850082104, 1.1, 1.1
366.3735699723168, 274.87776128817893, 1.1, 1.1
367.5911622432293, 274.8466724942539, 1.1, 1.1
368.80875451414187, 274.8155837003288, 1.1, 1.1
370.0263467850544, 274.7844949064037, 1.1, 1.1
371.061299903535, 274.7471348367105, 1.1, 1.1
372.0962530220155, 274.7097747670172, 1.1, 1.1
373.1312061404961, 274.672414697324, 1.1, 1.1
374.1661592589767, 274.6350546276307, 1.1, 1.1
375.2011123774572, 274.5976945579375, 1.1, 1.1
376.2360654959378, 274.56033448824417, 1.1, 1.1
377.2710186144183, 274.5229744185509, 1.1, 1.1
378.3059717328989, 274.48561434885767, 1.1, 1.1
379.3409248513795, 274.4482542791644, 1.1, 1.1
380.37587796986, 274.41089420947117, 1.1, 1.1
381.4108310883406, 274.3735341397779, 1.1, 1.1
382.35050125577004, 274.3113632414686, 1.1, 1.1
383.29017142319947, 274.2491923431592, 1.1, 1.1
384.2298415906289, 274.1870214448499, 1.1, 1.1
385.1695117580583, 274.1248505465406, 1.1, 1.1
386.10918192548775, 274.06267964823127, 1.1, 1.1
387.0488520929171, 274.0005087499219, 1.1, 1.1
387.98852226034654, 273.9383378516126, 1.1, 1.1
388.92819242777597, 273.87616695330325, 1.1, 1.1
389.8678625952054, 273.81399605499394, 1.1, 1.1
390.8075327626348, 273.75182515668456, 1.1, 1.1
391.74720293006425, 273.68965425837524, 1.1, 1.1
392.45288595771336, 273.46005634210394, 1.1, 1.1
393.15856898536254, 273.23045842583264, 1.1, 1.1
393.86425201301165, 273.0008605095614, 1.1, 1.1
394.5699350406608, 272.7712625932901, 1.1, 1.1
395.27561806830994, 272.5416646770188, 1.1, 1.1
395.9813010959591, 272.3120667607475, 1.1, 1.1
396.6869841236082, 272.0824688444762, 1.1, 1.1
397.3926671512574, 271.8528709282049, 1.1, 1.1
398.0983501789065, 271.62327301193363, 1.1, 1.1
398.8040332065557, 271.39367509566233, 1.1, 1.1
399.5097162342048, 271.16407717939103, 1.1, 1.1
400.0987943838692, 270.74407958682093, 1.1, 1.1
400.6878725335336, 270.32408199425083, 1.1, 1.1
401.276950683198, 269.9040844016807, 1.1, 1.1
401.86602883286236, 269.4840868091106, 1.1, 1.1
402.4551069825268, 269.0640892165405, 1.1, 1.1
403.04418513219116, 268.6440916239704, 1.1, 1.1
403.6332632818556, 268.2240940314003, 1.1, 1.1
404.22234143151996, 267.8040964388302, 1.1, 1.1
404.81141958118434, 267.38409884626003, 1.1, 1.1
405.40049773084877, 266.96410125368993, 1.1, 1.1
405.98957588051314, 266.54410366111983, 1.1, 1.1
406.35818627308896, 266.04598911096696, 1.1, 1.1
406.72679666566484, 265.5478745608141, 1.1, 1.1
407.09540705824065, 265.0497600106612, 1.1, 1.1
407.4640174508165, 264.5516454605083, 1.1, 1.1
407.83262784339234, 264.05353091035545, 1.1, 1.1
408.2012382359682, 263.5554163602026, 1.1, 1.1
408.56984862854404, 263.05730181004975, 1.1, 1.1
408.9384590211199, 262.5591872598969, 1.1, 1.1
409.30706941369573, 262.061072709744, 1.1, 1.1
409.6756798062716, 261.5629581595911, 1.1, 1.1
410.0442901988474, 261.06484360943824, 1.1, 1.1
410.5795463505168, 260.5294697099299, 1.1, 1.1
411.11480250218614, 259.9940958104216, 1.1, 1.1
411.6500586538555, 259.4587219109132, 1.1, 1.1
412.1853148055249, 258.92334801140487, 1.1, 1.1
412.7205709571943, 258.38797411189654, 1.1, 1.1
413.2558271088636, 257.8526002123882, 1.1, 1.1
413.791083260533, 257.3172263128799, 1.1, 1.1
414.3263394122024, 256.78185241337155, 1.1, 1.1
414.8615955638718, 256.24647851386317, 1.1, 1.1
415.3968517155411, 255.71110461435484, 1.1, 1.1
415.9321078672105, 255.1757307148465, 1.1, 1.1
416.4786228585684, 254.66766489982405, 1.1, 1.1
417.0251378499262, 254.1595990848016, 1.1, 1.1
417.57165284128405, 253.65153326977915, 1.1, 1.1
418.1181678326419, 253.1434674547567, 1.1, 1.1
418.6646828239998, 252.63540163973423, 1.1, 1.1
419.2111978153576, 252.1273358247118, 1.1, 1.1
419.75771280671546, 251.61927000968933, 1.1, 1.1
420.3042277980733, 251.11120419466687, 1.1, 1.1
420.8507427894312, 250.6031383796444, 1.1, 1.1
421.397257780789, 250.09507256462197, 1.1, 1.1
421.9437727721469, 249.5870067495995, 1.1, 1.1
422.43391658744855, 249.25079646471195, 1.1, 1.1
422.9240604027503, 248.9145861798244, 1.1, 1.1
423.41420421805196, 248.57837589493687, 1.1, 1.1
423.90434803335364, 248.2421656100493, 1.1, 1.1
424.3944918486553, 247.90595532516176, 1.1, 1.1
424.88463566395706, 247.5697450402742, 1.1, 1.1
425.37477947925873, 247.23353475538664, 1.1, 1.1
425.8649232945604, 246.8973244704991, 1.1, 1.1
426.3550671098621, 246.56111418561156, 1.1, 1.1
426.8452109251638, 246.224903900724, 1.1, 1.1
427.3353547404655, 245.88869361583644, 1.1, 1.1
427.9433605308184, 245.6809742660558, 1.1, 1.1
428.5513663211713, 245.4732549162752, 1.1, 1.1
429.1593721115242, 245.26553556649458, 1.1, 1.1
429.76737790187707, 245.05781621671395, 1.1, 1.1
430.37538369222995, 244.8500968669333, 1.1, 1.1
430.9833894825829, 244.6423775171527, 1.1, 1.1
431.59139527293576, 244.43465816737208, 1.1, 1.1
432.19940106328863, 244.22693881759145, 1.1, 1.1
432.8074068536415, 244.0192194678108, 1.1, 1.1
433.41541264399444, 243.8115001180302, 1.1, 1.1
434.0234184343473, 243.60378076824958, 1.1, 1.1
434.58113465628946, 243.51659570318685, 1.1, 1.1
435.13885087823155, 243.42941063812415, 1.1, 1.1
435.6965671001737, 243.34222557306143, 1.1, 1.1
436.25428332211584, 243.2550405079987, 1.1, 1.1
436.811999544058, 243.16785544293597, 1.1, 1.1
437.36971576600007, 243.08067037787328, 1.1, 1.1
437.9274319879422, 242.99348531281055, 1.1, 1.1
438.48514820988436, 242.90630024774782, 1.1, 1.1
439.0428644318265, 242.8191151826851, 1.1, 1.1
439.6005806537686, 242.7319301176224, 1.1, 1.1
440.15829687571073, 242.64474505255967, 1.1, 1.1
441.0852224144569, 242.83452565289568, 1.1, 1.1
442.0121479532031, 243.0243062532317, 1.1, 1.1
442.9390734919493, 243.21408685356772, 1.1, 1.1
443.86599903069543, 243.40386745390373, 1.1, 1.1
444.7929245694416, 243.59364805423974, 1.1, 1.1
445.7198501081878, 243.78342865457577, 1.1, 1.1
446.646775646934, 243.97320925491178, 1.1, 1.1
447.57370118568014, 244.1629898552478, 1.1, 1.1
448.5006267244263, 244.3527704555838, 1.1, 1.1
449.4275522631725, 244.54255105591983, 1.1, 1.1
450.3544778019187, 244.73233165625584, 1.1, 1.1
451.16805537692585, 244.77845330305874, 1.1, 1.1
451.981632951933, 244.82457494986167, 1.1, 1.1
452.79521052694014, 244.87069659666457, 1.1, 1.1
453.6087881019473, 244.9168182434675, 1.1, 1.1
454.4223656769545, 244.9629398902704, 1.1, 1.1
455.23594325196166, 245.00906153707334, 1.1, 1.1
456.04952082696883, 245.05518318387624, 1.1, 1.1
456.863098401976, 245.10130483067917, 1.1, 1.1
457.6766759769831, 245.14742647748207, 1.1, 1.1
458.4902535519903, 245.193548124285, 1.1, 1.1
459.30383112699747, 245.2396697710879, 1.1, 1.1
459.8724547277056, 245.1752323063096, 1.1, 1.1
460.4410783284137, 245.1107948415313, 1.1, 1.1
461.00970192912183, 245.04635737675298, 1.1, 1.1
461.57832552982995, 244.98191991197467, 1.1, 1.1
462.1469491305381, 244.91748244719636, 1.1, 1.1
462.71557273124625, 244.85304498241808, 1.1, 1.1
463.2841963319544, 244.78860751763978, 1.1, 1.1
463.8528199326625, 244.72417005286147, 1.1, 1.1
464.4214435333706, 244.65973258808316, 1.1, 1.1
464.99006713407874, 244.59529512330485, 1.1, 1.1
465.55869073478686, 244.53085765852654, 1.1, 1.1
466.0876592937413, 244.26103442443207, 1.1, 1.1
466.61662785269573, 243.9912111903376, 1.1, 1.1
467.1455964116501, 243.72138795624315, 1.1, 1.1
467.67456497060454, 243.45156472214867, 1.1, 1.1
468.20353352955897, 243.1817414880542, 1.1, 1.1
468.7325020885134, 242.91191825395973, 1.1, 1.1
469.26147064746783, 242.64209501986525, 1.1, 1.1
469.79043920642226, 242.37227178577078, 1.1, 1.1
470.31940776537664, 242.10244855167633, 1.1, 1.1
470.84837632433107, 241.83262531758186, 1.1, 1.1
471.3773448832855, 241.56280208348738, 1.1, 1.1
471.8932213747618, 241.08134956559726, 1.1, 1.1
472.4090978662382, 240.59989704770712, 1.1, 1.1
472.9249743577145, 240.118444529817, 1.1, 1.1
473.44085084919084, 239.63699201192685, 1.1, 1.1
473.95672734066716, 239.15553949403673, 1.1, 1.1
474.47260383214353, 238.67408697614658, 1.1, 1.1
474.98848032361985, 238.19263445825646, 1.1, 1.1
475.5043568150962, 237.71118194036632, 1.1, 1.1
476.0202333065725, 237.2297294224762, 1.1, 1.1
476.53610979804887, 236.74827690458605, 1.1, 1.1
477.0519862895252, 236.26682438669593, 1.1, 1.1
477.6605069491628, 235.61769943200696, 1.1, 1.1
478.2690276088005, 234.96857447731801, 1.1, 1.1
478.87754826843815, 234.31944952262904, 1.1, 1.1
479.48606892807584, 233.67032456794007, 1.1, 1.1
480.0945895877135, 233.0211996132511, 1.1, 1.1
480.70311024735116, 232.37207465856216, 1.1, 1.1
481.3116309069888, 231.72294970387318, 1.1, 1.1
481.9201515666265, 231.0738247491842, 1.1, 1.1
482.5286722262641, 230.42469979449524, 1.1, 1.1
483.1371928859018, 229.7755748398063, 1.1, 1.1
483.74571354553945, 229.12644988511732, 1.1, 1.1
483.94312649123685, 228.39922734821502, 1.1, 1.1
484.14053943693426, 227.67200481131272, 1.1, 1.1
484.3379523826317, 226.94478227441041, 1.1, 1.1
484.53536532832914, 226.2175597375081, 1.1, 1.1
484.73277827402654, 225.4903372006058, 1.1, 1.1
484.93019121972395, 224.76311466370353, 1.1, 1.1
485.12760416542136, 224.03589212680123, 1.1, 1.1
485.32501711111877, 223.30866958989893, 1.1, 1.1
485.52243005681623, 222.58144705299662, 1.1, 1.1
485.71984300251364, 221.85422451609432, 1.1, 1.1
485.91725594821105, 221.12700197919202, 1.1, 1.1
485.90705725610303, 220.35594333409114, 1.1, 1.1
485.89685856399507, 219.58488468899026, 1.1, 1.1
485.88665987188705, 218.81382604388938, 1.1, 1.1
485.876461179779, 218.0427673987885, 1.1, 1.1
485.86626248767107, 217.27170875368762, 1.1, 1.1
485.85606379556305, 216.50065010858677, 1.1, 1.1
485.8458651034551, 215.7295914634859, 1.1, 1.1
485.83566641134706, 214.958532818385, 1.1, 1.1
485.82546771923904, 214.18747417328413, 1.1, 1.1
485.8152690271311, 213.41641552818325, 1.1, 1.1
485.80507033502306, 212.64535688308237, 1.1, 1.1
485.94742761251086, 212.45143353419107, 1.1, 1.1
486.08978488999867, 212.2575101852998, 1.1, 1.1
486.2321421674864, 212.0635868364085, 1.1, 1.1
486.3744994449742, 211.8696634875172, 1.1, 1.1
486.516856722462, 211.6757401386259, 1.1, 1.1
486.6592139999498, 211.4818167897346, 1.1, 1.1
486.80157127743763, 211.28789344084333, 1.1, 1.1
486.94392855492544, 211.09397009195203, 1.1, 1.1
487.0862858324132, 210.90004674306073, 1.1, 1.1
487.228643109901, 210.70612339416945, 1.1, 1.1
487.3710003873888, 210.51220004527815, 1.1, 1.1
487.6152939553597, 210.52704191540005, 1.1, 1.1
487.85958752333056, 210.54188378552195, 1.1, 1.1
488.10388109130145, 210.55672565564385, 1.1, 1.1
488.34817465927233, 210.57156752576574, 1.1, 1.1
488.5924682272432, 210.58640939588764, 1.1, 1.1
488.8367617952141, 210.60125126600954, 1.1, 1.1
489.081055363185, 210.61609313613144, 1.1, 1.1
489.3253489311559, 210.63093500625334, 1.1, 1.1
489.56964249912676, 210.64577687637524, 1.1, 1.1
489.81393606709764, 210.66061874649714, 1.1, 1.1
490.0582296350685, 210.67546061661903, 1.1, 1.1
490.2051528623904, 210.43543068543934, 1.1, 1.1
490.3520760897122, 210.19540075425968, 1.1, 1.1
490.49899931703413, 209.95537082308, 1.1, 1.1
490.645922544356, 209.71534089190033, 1.1, 1.1
490.79284577167783, 209.47531096072063, 1.1, 1.1
490.9397689989997, 209.23528102954097, 1.1, 1.1
491.08669222632153, 208.99525109836128, 1.1, 1.1
491.2336154536434, 208.75522116718162, 1.1, 1.1
491.3805386809653, 208.51519123600193, 1.1, 1.1
491.52746190828714, 208.27516130482226, 1.1, 1.1
491.674385135609, 208.03513137364257, 1.1, 1.1
491.65717116669595, 207.12500118057122, 1.1, 1.1
491.6399571977829, 206.2148709874999, 1.1, 1.1
491.62274322886987, 205.30474079442854, 1.1, 1.1
491.6055292599568, 204.3946106013572, 1.1, 1.1
491.5883152910438, 203.48448040828586, 1.1, 1.1
491.57110132213074, 202.5743502152145, 1.1, 1.1
491.5538873532177, 201.66422002214318, 1.1, 1.1
491.53667338430466, 200.75408982907183, 1.1, 1.1
491.5194594153916, 199.84395963600048, 1.1, 1.1
491.5022454464786, 198.93382944292915, 1.1, 1.1
491.48503147756554, 198.0236992498578, 1.1, 1.1
491.46830769809816, 197.30686235924094, 1.1, 1.1
491.4515839186308, 196.5900254686241, 1.1, 1.1
491.4348601391634, 195.87318857800724, 1.1, 1.1
491.418136359696, 195.15635168739038, 1.1, 1.1
491.4014125802286, 194.43951479677352, 1.1, 1.1
491.3846888007613, 193.7226779061567, 1.1, 1.1
491.3679650212939, 193.00584101553983, 1.1, 1.1
491.35124124182653, 192.28900412492297, 1.1, 1.1
491.33451746235914, 191.5721672343061, 1.1, 1.1
491.31779368289176, 190.85533034368927, 1.1, 1.1
491.3010699034244, 190.1384934530724, 1.1, 1.1
491.4894607002289, 189.90309083134397, 1.1, 1.1
491.67785149703343, 189.66768820961556, 1.1, 1.1
491.8662422938379, 189.43228558788712, 1.1, 1.1
492.0546330906424, 189.1968829661587, 1.1, 1.1
492.24302388744695, 188.96148034443027, 1.1, 1.1
492.4314146842515, 188.72607772270186, 1.1, 1.1
492.619805481056, 188.49067510097342, 1.1, 1.1
492.80819627786053, 188.255272479245, 1.1, 1.1
492.996587074665, 188.01986985751657, 1.1, 1.1
493.1849778714695, 187.78446723578816, 1.1, 1.1
493.37336866827405, 187.54906461405972, 1.1, 1.1
494.14987349668525, 187.5295500940508, 1.1, 1.1
494.9263783250964, 187.51003557404184, 1.1, 1.1
495.70288315350757, 187.4905210540329, 1.1, 1.1
496.47938798191876, 187.47100653402396, 1.1, 1.1
497.2558928103299, 187.45149201401503, 1.1, 1.1
498.0323976387411, 187.43197749400608, 1.1, 1.1
498.8089024671522, 187.41246297399715, 1.1, 1.1
499.5854072955634, 187.3929484539882, 1.1, 1.1
500.3619121239746, 187.37343393397927, 1.1, 1.1
501.13841695238574, 187.35391941397032, 1.1, 1.1
501.91492178079693, 187.3344048939614, 1.1, 1.1
502.7425904300231, 187.33898481546314, 1.1, 1.1
503.5702590792493, 187.34356473696488, 1.1, 1.1
504.39792772847545, 187.34814465846662, 1.1, 1.1
505.22559637770166, 187.35272457996837, 1.1, 1.1
506.0532650269278, 187.3573045014701, 1.1, 1.1
506.88093367615403, 187.36188442297183, 1.1, 1.1
507.7086023253802, 187.36646434447357, 1.1, 1.1
508.5362709746064, 187.3710442659753, 1.1, 1.1
509.36393962383255, 187.37562418747706, 1.1, 1.1
510.19160827305876, 187.3802041089788, 1.1, 1.1
511.0192769222849, 187.38478403048055, 1.1, 1.1
511.60870585066044, 187.39119485357787, 1.1, 1.1
512.198134779036, 187.39760567667517, 1.1, 1.1
512.7875637074114, 187.4040164997725, 1.1, 1.1
513.376992635787, 187.41042732286982, 1.1, 1.1
513.9664215641625, 187.41683814596712, 1.1, 1.1
514.5558504925381, 187.42324896906445, 1.1, 1.1
515.1452794209135, 187.42965979216174, 1.1, 1.1
515.7347083492891, 187.43607061525907, 1.1, 1.1
516.3241372776646, 187.4424814383564, 1.1, 1.1
516.9135662060402, 187.4488922614537, 1.1, 1.1
517.5029951344156, 187.45530308455102, 1.1, 1.1
518.5624208909345, 187.4359776318661, 1.1, 1.1
519.6218466474534, 187.4166521791812, 1.1, 1.1
520.6812724039722, 187.39732672649632, 1.1, 1.1
521.7406981604911, 187.3780012738114, 1.1, 1.1
522.80012391701, 187.3586758211265, 1.1, 1.1
523.8595496735288, 187.3393503684416, 1.1, 1.1
524.9189754300477, 187.32002491575668, 1.1, 1.1
525.9784011865665, 187.30069946307177, 1.1, 1.1
527.0378269430854, 187.28137401038688, 1.1, 1.1
528.0972526996043, 187.26204855770197, 1.1, 1.1
529.1566784561231, 187.24272310501706, 1.1, 1.1
529.363689763685, 187.457845257711, 1.1, 1.1
529.570701071247, 187.6729674104049, 1.1, 1.1
529.7777123788088, 187.88808956309884, 1.1, 1.1
529.9847236863708, 188.10321171579278, 1.1, 1.1
530.1917349939326, 188.3183338684867, 1.1, 1.1
530.3987463014946, 188.53345602118063, 1.1, 1.1
530.6057576090565, 188.74857817387453, 1.1, 1.1
530.8127689166184, 188.96370032656847, 1.1, 1.1
531.0197802241803, 189.1788224792624, 1.1, 1.1
531.2267915317423, 189.39394463195632, 1.1, 1.1
531.4338028393041, 189.60906678465025, 1.1, 1.1
531.399618455802, 190.4289793900367, 1.1, 1.1
531.3654340723, 191.24889199542315, 1.1, 1.1
531.331249688798, 192.06880460080959, 1.1, 1.1
531.297065305296, 192.88871720619602, 1.1, 1.1
531.2628809217939, 193.70862981158245, 1.1, 1.1
531.2286965382918, 194.52854241696892, 1.1, 1.1
531.1945121547898, 195.34845502235535, 1.1, 1.1
531.1603277712877, 196.1683676277418, 1.1, 1.1
531.1261433877858, 196.98828023312822, 1.1, 1.1
531.0919590042837, 197.80819283851469, 1.1, 1.1
531.0577746207816, 198.62810544390112, 1.1, 1.1
531.0660184462622, 199.58668014001267, 1.1, 1.1
531.0742622717428, 200.5452548361242, 1.1, 1.1
531.0825060972235, 201.50382953223576, 1.1, 1.1
531.090749922704, 202.4624042283473, 1.1, 1.1
531.0989937481846, 203.42097892445884, 1.1, 1.1
531.1072375736652, 204.3795536205704, 1.1, 1.1
531.1154813991458, 205.33812831668192, 1.1, 1.1
531.1237252246264, 206.29670301279347, 1.1, 1.1
531.131969050107, 207.25527770890503, 1.1, 1.1
531.1402128755876, 208.21385240501655, 1.1, 1.1
531.1484567010682, 209.1724271011281, 1.1, 1.1
531.1409040779662, 210.1166250570407, 1.1, 1.1
531.133351454864, 211.06082301295325, 1.1, 1.1
531.125798831762, 212.00502096886584, 1.1, 1.1
531.1182462086599, 212.94921892477842, 1.1, 1.1
531.1106935855579, 213.893416880691, 1.1, 1.1
531.1031409624558, 214.83761483660356, 1.1, 1.1
531.0955883393538, 215.78181279251615, 1.1, 1.1
531.0880357162516, 216.72601074842873, 1.1, 1.1
531.0804830931496, 217.67020870434132, 1.1, 1.1
531.0729304700475, 218.61440666025388, 1.1, 1.1
531.0653778469455, 219.55860461616646, 1.1, 1.1
531.1256791647961, 220.4547680496324, 1.1, 1.1
531.1859804826468, 221.35093148309838, 1.1, 1.1
531.2462818004974, 222.24709491656432, 1.1, 1.1
531.306583118348, 223.14325835003027, 1.1, 1.1
531.3668844361987, 224.0394217834962, 1.1, 1.1
531.4271857540492, 224.93558521696218, 1.1, 1.1
531.4874870718999, 225.83174865042812, 1.1, 1.1
531.5477883897505, 226.72791208389407, 1.1, 1.1
531.6080897076012, 227.62407551736004, 1.1, 1.1
531.6683910254518, 228.52023895082598, 1.1, 1.1
531.7286923433024, 229.41640238429193, 1.1, 1.1
531.9070817481129, 229.66758816595222, 1.1, 1.1
532.0854711529234, 229.91877394761255, 1.1, 1.1
532.2638605577339, 230.16995972927285, 1.1, 1.1
532.4422499625443, 230.42114551093314, 1.1, 1.1
532.6206393673548, 230.67233129259347, 1.1, 1.1
532.7990287721653, 230.92351707425377, 1.1, 1.1
532.9774181769758, 231.1747028559141, 1.1, 1.1
533.1558075817862, 231.4258886375744, 1.1, 1.1
533.3341969865967, 231.67707441923469, 1.1, 1.1
533.5125863914072, 231.928260200895, 1.1, 1.1
533.6909757962177, 232.1794459825553, 1.1, 1.1
534.204891636547, 232.23905321014874, 1.1, 1.1
534.7188074768763, 232.29866043774217, 1.1, 1.1
535.2327233172057, 232.35826766533557, 1.1, 1.1
535.746639157535, 232.417874892929, 1.1, 1.1
536.2605549978643, 232.47748212052244, 1.1, 1.1
536.7744708381937, 232.53708934811587, 1.1, 1.1
537.288386678523, 232.5966965757093, 1.1, 1.1
537.8023025188523, 232.65630380330273, 1.1, 1.1
538.3162183591817, 232.71591103089614, 1.1, 1.1
538.830134199511, 232.77551825848957, 1.1, 1.1
539.3440500398403, 232.835125486083, 1.1, 1.1
540.6703934709861, 233.0779537893141, 1.1, 1.1
541.9967369021318, 233.32078209254524, 1.1, 1.1
543.3230803332776, 233.56361039577635, 1.1, 1.1
544.6494237644234, 233.80643869900746, 1.1, 1.1
545.9757671955692, 234.04926700223857, 1.1, 1.1
547.3021106267149, 234.2920953054697, 1.1, 1.1
548.6284540578607, 234.5349236087008, 1.1, 1.1
549.9547974890065, 234.77775191193192, 1.1, 1.1
551.2811409201523, 235.02058021516302, 1.1, 1.1
552.607484351298, 235.26340851839416, 1.1, 1.1
553.9338277824438, 235.50623682162527, 1.1, 1.1
554.8323061014265, 235.8867443251126, 1.1, 1.1
555.7307844204092, 236.26725182859994, 1.1, 1.1
556.629262739392, 236.6477593320873, 1.1, 1.1
557.5277410583747, 237.02826683557464, 1.1, 1.1
558.4262193773574, 237.40877433906198, 1.1, 1.1
559.3246976963401, 237.78928184254931, 1.1, 1.1
560.2231760153228, 238.16978934603665, 1.1, 1.1
561.1216543343055, 238.550296849524, 1.1, 1.1
562.0201326532882, 238.93080435301135, 1.1, 1.1
562.9186109722709, 239.3113118564987, 1.1, 1.1
563.8170892912536, 239.69181935998603, 1.1, 1.1
564.5490086359473, 240.21337616125078, 1.1, 1.1
565.2809279806411, 240.73493296251553, 1.1, 1.1
566.0128473253347, 241.2564897637803, 1.1, 1.1
566.7447666700284, 241.77804656504506, 1.1, 1.1
567.4766860147222, 242.2996033663098, 1.1, 1.1
568.2086053594159, 242.82116016757456, 1.1, 1.1
568.9405247041096, 243.3427169688393, 1.1, 1.1
569.6724440488033, 243.86427377010406, 1.1, 1.1
570.404363393497, 244.38583057136884, 1.1, 1.1
571.1362827381907, 244.9073873726336, 1.1, 1.1
571.8682020828844, 245.42894417389834, 1.1, 1.1
572.4917736000829, 245.97435162250804, 1.1, 1.1
573.1153451172814, 246.51975907111776, 1.1, 1.1
573.7389166344799, 247.06516651972746, 1.1, 1.1
574.3624881516785, 247.61057396833718, 1.1, 1.1
574.9860596688769, 248.15598141694687, 1.1, 1.1
575.6096311860755, 248.7013888655566, 1.1, 1.1
576.233202703274, 249.2467963141663, 1.1, 1.1
576.8567742204725, 249.792203762776, 1.1, 1.1
577.480345737671, 250.3376112113857, 1.1, 1.1
578.1039172548695, 250.88301865999543, 1.1, 1.1
578.727488772068, 251.42842610860512, 1.1, 1.1
579.182643917958, 251.60954642054543, 1.1, 1.1
579.637799063848, 251.79066673248576, 1.1, 1.1
580.092954209738, 251.97178704442607, 1.1, 1.1
580.548109355628, 252.15290735636637, 1.1, 1.1
581.003264501518, 252.3340276683067, 1.1, 1.1
581.4584196474078, 252.515147980247, 1.1, 1.1
581.9135747932978, 252.69626829218734, 1.1, 1.1
582.3687299391878, 252.87738860412765, 1.1, 1.1
582.8238850850778, 253.05850891606795, 1.1, 1.1
583.2790402309678, 253.23962922800828, 1.1, 1.1
583.7341953768578, 253.4207495399486, 1.1, 1.1
584.3738153334633, 253.39957111806442, 1.1, 1.1
585.0134352900689, 253.37839269618027, 1.1, 1.1
585.6530552466744, 253.3572142742961, 1.1, 1.1
586.2926752032799, 253.33603585241192, 1.1, 1.1
586.9322951598855, 253.31485743052775, 1.1, 1.1
587.571915116491, 253.2936790086436, 1.1, 1.1
588.2115350730966, 253.27250058675943, 1.1, 1.1
588.8511550297021, 253.25132216487526, 1.1, 1.1
589.4907749863077, 253.2301437429911, 1.1, 1.1
590.1303949429132, 253.20896532110694, 1.1, 1.1
590.7700148995187, 253.18778689922277, 1.1, 1.1
591.269065078495, 253.03630299044173, 1.1, 1.1
591.7681152574713, 252.88481908166068, 1.1, 1.1
592.2671654364476, 252.73333517287963, 1.1, 1.1
592.7662156154239, 252.5818512640986, 1.1, 1.1
593.2652657944002, 252.43036735531754, 1.1, 1.1
593.7643159733766, 252.27888344653647, 1.1, 1.1
594.2633661523529, 252.12739953775542, 1.1, 1.1
594.7624163313292, 251.97591562897438, 1.1, 1.1
595.2614665103055, 251.82443172019333, 1.1, 1.1
595.7605166892818, 251.67294781141229, 1.1, 1.1
596.259566868258, 251.52146390263124, 1.1, 1.1
597.1224296873162, 251.28008750216173, 1.1, 1.1
597.9852925063743, 251.0387111016922, 1.1, 1.1
598.8481553254323, 250.7973347012227, 1.1, 1.1
599.7110181444905, 250.5559583007532, 1.1, 1.1
600.5738809635486, 250.31458190028366, 1.1, 1.1
601.4367437826068, 250.07320549981415, 1.1, 1.1
602.2996066016649, 249.83182909934462, 1.1, 1.1
603.162469420723, 249.5904526988751, 1.1, 1.1
604.025332239781, 249.3490762984056, 1.1, 1.1
604.8881950588392, 249.10769989793607, 1.1, 1.1
605.7510578778973, 248.86632349746657, 1.1, 1.1
606.385953576459, 248.34272707090898, 1.1, 1.1
607.0208492750205, 247.81913064435136, 1.1, 1.1
607.6557449735822, 247.29553421779377, 1.1, 1.1
608.2906406721437, 246.77193779123616, 1.1, 1.1
608.9255363707053, 246.24834136467857, 1.1, 1.1
609.5604320692669, 245.72474493812095, 1.1, 1.1
610.1953277678285, 245.20114851156336, 1.1, 1.1
610.8302234663901, 244.67755208500574, 1.1, 1.1
611.4651191649517, 244.15395565844815, 1.1, 1.1
612.1000148635133, 243.63035923189054, 1.1, 1.1
612.7349105620749, 243.10676280533295, 1.1, 1.1
613.1590232002424, 242.67128041587617, 1.1, 1.1
613.5831358384098, 242.23579802641936, 1.1, 1.1
614.0072484765772, 241.80031563696258, 1.1, 1.1
614.4313611147446, 241.3648332475058, 1.1, 1.1
614.8554737529121, 240.929350858049, 1.1, 1.1
615.2795863910795, 240.4938684685922, 1.1, 1.1
615.703699029247, 240.0583860791354, 1.1, 1.1
616.1278116674144, 239.62290368967862, 1.1, 1.1
616.5519243055818, 239.18742130022184, 1.1, 1.1
616.9760369437492, 238.75193891076503, 1.1, 1.1
617.4001495819167, 238.31645652130825, 1.1, 1.1
617.4839477247648, 237.367431035765, 1.1, 1.1
617.5677458676128, 236.4184055502218, 1.1, 1.1
617.6515440104608, 235.46938006467855, 1.1, 1.1
617.7353421533089, 234.5203545791353, 1.1, 1.1
617.819140296157, 233.57132909359206, 1.1, 1.1
617.902938439005, 232.62230360804884, 1.1, 1.1
617.986736581853, 231.6732781225056, 1.1, 1.1
618.0705347247011, 230.72425263696235, 1.1, 1.1
618.1543328675492, 229.7752271514191, 1.1, 1.1
618.2381310103972, 228.82620166587589, 1.1, 1.1
618.3219291532453, 227.87717618033264, 1.1, 1.1
618.2041689895708, 227.0997679900287, 1.1, 1.1
618.0864088258963, 226.3223597997248, 1.1, 1.1
617.9686486622218, 225.54495160942088, 1.1, 1.1
617.8508884985473, 224.76754341911695, 1.1, 1.1
617.7331283348728, 223.99013522881302, 1.1, 1.1
617.6153681711984, 223.21272703850912, 1.1, 1.1
617.4976080075239, 222.43531884820518, 1.1, 1.1
617.3798478438495, 221.65791065790125, 1.1, 1.1
617.2620876801749, 220.88050246759732, 1.1, 1.1
617.1443275165004, 220.10309427729342, 1.1, 1.1
617.026567352826, 219.3256860869895, 1.1, 1.1
616.8426460738274, 218.45107476068563, 1.1, 1.1
616.6587247948288, 217.57646343438176, 1.1, 1.1
616.4748035158302, 216.70185210807793, 1.1, 1.1
616.2908822368316, 215.82724078177407, 1.1, 1.1
616.106960957833, 214.9526294554702, 1.1, 1.1
615.9230396788346, 214.07801812916634, 1.1, 1.1
615.739118399836, 213.20340680286247, 1.1, 1.1
615.5551971208374, 212.3287954765586, 1.1, 1.1
615.3712758418388, 211.45418415025478, 1.1, 1.1
615.1873545628403, 210.5795728239509, 1.1, 1.1
615.0034332838417, 209.70496149764705, 1.1, 1.1
614.7536695061087, 208.75291240946186, 1.1, 1.1
614.5039057283759, 207.80086332127664, 1.1, 1.1
614.254141950643, 206.84881423309145, 1.1, 1.1
614.0043781729102, 205.89676514490625, 1.1, 1.1
613.7546143951772, 204.94471605672106, 1.1, 1.1
613.5048506174444, 203.99266696853584, 1.1, 1.1
613.2550868397115, 203.04061788035065, 1.1, 1.1
613.0053230619786, 202.08856879216546, 1.1, 1.1
612.7555592842457, 201.13651970398024, 1.1, 1.1
612.5057955065129, 200.18447061579505, 1.1, 1.1
612.2560317287799, 199.23242152760986, 1.1, 1.1
611.966403016233, 198.6285013404013, 1.1, 1.1
611.676774303686, 198.02458115319277, 1.1, 1.1
611.3871455911391, 197.4206609659842, 1.1, 1.1
611.097516878592, 196.81674077877565, 1.1, 1.1
610.8078881660451, 196.21282059156712, 1.1, 1.1
610.5182594534981, 195.60890040435856, 1.1, 1.1
610.2286307409512, 195.00498021715003, 1.1, 1.1
609.9390020284042, 194.40106002994148, 1.1, 1.1
609.6493733158572, 193.79713984273292, 1.1, 1.1
609.3597446033102, 193.1932196555244, 1.1, 1.1
609.0701158907633, 192.58929946831583, 1.1, 1.1
608.4960766001841, 192.03652522036498, 1.1, 1.1
607.9220373096048, 191.4837509724141, 1.1, 1.1
607.3479980190256, 190.93097672446325, 1.1, 1.1
606.7739587284464, 190.3782024765124, 1.1, 1.1
606.1999194378672, 189.82542822856152, 1.1, 1.1
605.6258801472878, 189.27265398061067, 1.1, 1.1
605.0518408567086, 188.7198797326598, 1.1, 1.1
604.4778015661294, 188.16710548470894, 1.1, 1.1
603.9037622755502, 187.6143312367581, 1.1, 1.1
603.3297229849709, 187.0615569888072, 1.1, 1.1
602.7556836943917, 186.50878274085636, 1.1, 1.1
602.1954910368986, 186.14557240814707, 1.1, 1.1
601.6352983794054, 185.78236207543776, 1.1, 1.1
601.0751057219123, 185.41915174272847, 1.1, 1.1
600.5149130644191, 185.05594141001916, 1.1, 1.1
599.9547204069261, 184.69273107730987, 1.1, 1.1
599.3945277494329, 184.32952074460056, 1.1, 1.1
598.8343350919398, 183.96631041189127, 1.1, 1.1
598.2741424344466, 183.60310007918196, 1.1, 1.1
597.7139497769535, 183.23988974647267, 1.1, 1.1
597.1537571194604, 182.87667941376336, 1.1, 1.1
596.5935644619673, 182.51346908105407, 1.1, 1.1
595.6432904797995, 182.56061632532237, 1.1, 1.1
594.6930164976316, 182.60776356959065, 1.1, 1.1
593.7427425154638, 182.65491081385895, 1.1, 1.1
592.792468533296, 182.70205805812722, 1.1, 1.1
591.8421945511282, 182.74920530239552, 1.1, 1.1
590.8919205689602, 182.7963525466638, 1.1, 1.1
589.9416465867924, 182.8434997909321, 1.1, 1.1
588.9913726046246, 182.89064703520037, 1.1, 1.1
588.0410986224568, 182.93779427946868, 1.1, 1.1
587.0908246402889, 182.98494152373695, 1.1, 1.1
586.1405506581211, 183.03208876800525, 1.1, 1.1
585.0591067950267, 183.1686066583531, 1.1, 1.1
583.9776629319322, 183.30512454870095, 1.1, 1.1
582.8962190688378, 183.4416424390488, 1.1, 1.1
581.8147752057433, 183.57816032939664, 1.1, 1.1
580.7333313426489, 183.71467821974448, 1.1, 1.1
579.6518874795544, 183.85119611009233, 1.1, 1.1
578.5704436164599, 183.98771400044018, 1.1, 1.1
577.4889997533654, 184.12423189078802, 1.1, 1.1
576.407555890271, 184.26074978113587, 1.1, 1.1
575.3261120271766, 184.39726767148372, 1.1, 1.1
574.2446681640821, 184.53378556183156, 1.1, 1.1
573.2784910971226, 184.68571665857647, 1.1, 1.1
572.3123140301631, 184.83764775532137, 1.1, 1.1
571.3461369632035, 184.98957885206627, 1.1, 1.1
570.379959896244, 185.14150994881118, 1.1, 1.1
569.4137828292845, 185.29344104555608, 1.1, 1.1
568.4476057623251, 185.44537214230095, 1.1, 1.1
567.4814286953656, 185.59730323904586, 1.1, 1.1
566.5152516284061, 185.74923433579076, 1.1, 1.1
565.5490745614466, 185.90116543253566, 1.1, 1.1
564.582897494487, 186.05309652928057, 1.1, 1.1
563.6167204275275, 186.20502762602547, 1.1, 1.1
562.664170705682, 186.27235405412603, 1.1, 1.1
561.7116209838365, 186.33968048222656, 1.1, 1.1
560.7590712619909, 186.4070069103271, 1.1, 1.1
559.8065215401454, 186.47433333842767, 1.1, 1.1
558.8539718182998, 186.54165976652823, 1.1, 1.1
557.9014220964543, 186.60898619462876, 1.1, 1.1
556.9488723746088, 186.6763126227293, 1.1, 1.1
555.9963226527632, 186.74363905082987, 1.1, 1.1
555.0437729309176, 186.81096547893043, 1.1, 1.1
554.0912232090722, 186.87829190703096, 1.1, 1.1
553.1386734872266, 186.9456183351315, 1.1, 1.1
552.6560397433574, 186.84848615703777, 1.1, 1.1
552.1734059994882, 186.75135397894402, 1.1, 1.1
551.6907722556189, 186.65422180085028, 1.1, 1.1
551.2081385117497, 186.55708962275654, 1.1, 1.1
550.7255047678805, 186.4599574446628, 1.1, 1.1
550.2428710240113, 186.36282526656902, 1.1, 1.1
549.7602372801421, 186.26569308847527, 1.1, 1.1
549.2776035362729, 186.16856091038153, 1.1, 1.1
548.7949697924035, 186.07142873228779, 1.1, 1.1
548.3123360485343, 185.97429655419404, 1.1, 1.1
547.8297023046651, 185.8771643761003, 1.1, 1.1
547.5552624547861, 185.4765798277331, 1.1, 1.1
547.280822604907, 185.07599527936594, 1.1, 1.1
547.006382755028, 184.67541073099875, 1.1, 1.1
546.7319429051489, 184.27482618263156, 1.1, 1.1
546.4575030552699, 183.87424163426437, 1.1, 1.1
546.1830632053908, 183.4736570858972, 1.1, 1.1
545.9086233555117, 183.07307253753, 1.1, 1.1
545.6341835056327, 182.67248798916282, 1.1, 1.1
545.3597436557536, 182.27190344079563, 1.1, 1.1
545.0853038058746, 181.87131889242846, 1.1, 1.1
544.8108639559955, 181.47073434406127, 1.1, 1.1
544.778515432528, 181.02086799803797, 1.1, 1.1
544.7461669090604, 180.57100165201464, 1.1, 1.1
544.713818385593, 180.12113530599134, 1.1, 1.1
544.6814698621254, 179.67126895996802, 1.1, 1.1
544.6491213386579, 179.22140261394472, 1.1, 1.1
544.6167728151903, 178.7715362679214, 1.1, 1.1
544.5844242917228, 178.3216699218981, 1.1, 1.1
544.5520757682552, 177.87180357587476, 1.1, 1.1
544.5197272447878, 177.42193722985147, 1.1, 1.1
544.4873787213202, 176.97207088382814, 1.1, 1.1
544.4550301978527, 176.52220453780484, 1.1, 1.1
544.4298084370805, 175.62749999982793, 1.1, 1.1
544.4045866763084, 174.732795461851, 1.1, 1.1
544.3793649155363, 173.8380909238741, 1.1, 1.1
544.3541431547641, 172.94338638589716, 1.1, 1.1
544.3289213939919, 172.04868184792025, 1.1, 1.1
544.3036996332198, 171.15397730994331, 1.1, 1.1
544.2784778724476, 170.2592727719664, 1.1, 1.1
544.2532561116755, 169.36456823398947, 1.1, 1.1
544.2280343509033, 168.46986369601257, 1.1, 1.1
544.2028125901312, 167.57515915803563, 1.1, 1.1
544.177590829359, 166.68045462005873, 1.1, 1.1
544.1810879817218, 166.06918227451436, 1.1, 1.1
544.1845851340847, 165.45790992897003, 1.1, 1.1
544.1880822864475, 164.84663758342566, 1.1, 1.1
544.1915794388104, 164.2353652378813, 1.1, 1.1
544.1950765911732, 163.62409289233696, 1.1, 1.1
544.1985737435361, 163.0128205467926, 1.1, 1.1
544.2020708958989, 162.40154820124826, 1.1, 1.1
544.2055680482619, 161.7902758557039, 1.1, 1.1
544.2090652006247, 161.17900351015953, 1.1, 1.1
544.2125623529876, 160.5677311646152, 1.1, 1.1
544.2160595053504, 159.95645881907083, 1.1, 1.1
544.1629320568297, 159.55227505857144, 1.1, 1.1
544.1098046083092, 159.14809129807205, 1.1, 1.1
544.0566771597886, 158.74390753757265, 1.1, 1.1
544.003549711268, 158.33972377707326, 1.1, 1.1
543.9504222627475, 157.93554001657387, 1.1, 1.1
543.8972948142268, 157.5313562560745, 1.1, 1.1
543.8441673657063, 157.1271724955751, 1.1, 1.1
543.7910399171857, 156.72298873507572, 1.1, 1.1
543.7379124686651, 156.31880497457632, 1.1, 1.1
543.6847850201445, 155.91462121407693, 1.1, 1.1
543.6316575716239, 155.51043745357754, 1.1, 1.1
543.3918729533651, 155.18158542659634, 1.1, 1.1
543.1520883351064, 154.85273339961515, 1.1, 1.1
542.9123037168476, 154.52388137263398, 1.1, 1.1
542.672519098589, 154.19502934565278, 1.1, 1.1
542.4327344803302, 153.8661773186716, 1.1, 1.1
542.1929498620715, 153.5373252916904, 1.1, 1.1
541.9531652438127, 153.2084732647092, 1.1, 1.1
541.713380625554, 152.879621237728, 1.1, 1.1
541.4735960072952, 152.55076921074684, 1.1, 1.1
541.2338113890365, 152.22191718376564, 1.1, 1.1
540.9940267707777, 151.89306515678444, 1.1, 1.1
540.6523531242381, 151.61989194162638, 1.1, 1.1
540.3106794776983, 151.3467187264683, 1.1, 1.1
539.9690058311586, 151.07354551131024, 1.1, 1.1
539.6273321846189, 150.80037229615218, 1.1, 1.1
539.2856585380791, 150.5271990809941, 1.1, 1.1
538.9439848915395, 150.254025865836, 1.1, 1.1
538.6023112449997, 149.98085265067795, 1.1, 1.1
538.26063759846, 149.70767943551988, 1.1, 1.1
537.9189639519203, 149.4345062203618, 1.1, 1.1
537.5772903053805, 149.16133300520374, 1.1, 1.1
537.2356166588409, 148.88815979004568, 1.1, 1.1
536.9510588344928, 148.82551887389647, 1.1, 1.1
536.6665010101448, 148.76287795774726, 1.1, 1.1
536.3819431857967, 148.70023704159806, 1.1, 1.1
536.0973853614486, 148.63759612544885, 1.1, 1.1
535.8128275371005, 148.57495520929965, 1.1, 1.1
535.5282697127525, 148.51231429315047, 1.1, 1.1
535.2437118884044, 148.44967337700126, 1.1, 1.1
534.9591540640563, 148.38703246085205, 1.1, 1.1
534.6745962397082, 148.32439154470285, 1.1, 1.1
534.3900384153602, 148.26175062855364, 1.1, 1.1
534.1054805910121, 148.19910971240444, 1.1, 1.1
